,loss,accuracy,val_loss,val_accuracy
0,3.2575714588165283,0.08988095074892044,2.9523236751556396,0.16836734116077423
1,3.103118896484375,0.1339285671710968,2.5216104984283447,0.2627550959587097
